,"Gloeobacter rhodopsin, GR (6NWD)",helix_number,most_frequent_amino_acid,location_id,res_id,NS_number
61,D,,,,31,
62,S,,,,32,
63,L,,,,33,
64,T,,,,34,
65,Y,,,,35,
66,G,,,,36,
67,Q,,,,37,
68,F,,,,38,
69,N,,,,39,
70,L,,,,40,
71,V,1.0,-,39.0,41,1.39
72,Y,1.0,Q,40.0,42,1.40
73,N,1.0,A,41.0,43,1.41
74,A,1.0,W,42.0,44,1.42
75,F,1.0,L,43.0,45,1.43
76,S,1.0,A,44.0,46,1.44
77,F,1.0,L,45.0,47,1.45
78,A,1.0,G,46.0,48,1.46
79,I,1.0,I,47.0,49,1.47
80,A,1.0,A,48.0,50,1.48
81,A,1.0,A,49.0,51,1.49
82,M,1.0,M,50.0,52,1.50
83,F,1.0,A,51.0,53,1.51
84,A,1.0,A,52.0,54,1.52
85,S,1.0,G,53.0,55,1.53
86,A,1.0,A,54.0,56,1.54
87,L,1.0,L,55.0,57,1.55
88,F,1.0,F,56.0,58,1.56
89,F,1.0,F,57.0,59,1.57
90,F,1.0,F,58.0,60,1.58
91,S,1.0,F,59.0,61,1.59
92,A,1.0,A,60.0,62,1.60
93,Q,,,,63,
94,A,,,,64,
95,L,,,,65,
96,V,,,,66,
97,G,,,,67,
98,-,,,,-,
99,Q,,,,68,
100,R,2.0,R,35.0,69,2.35
101,Y,2.0,A,36.0,70,2.36
102,R,2.0,Q,37.0,71,2.37
103,L,2.0,I,38.0,72,2.38
104,A,2.0,A,39.0,73,2.39
105,L,2.0,Y,40.0,74,2.40
106,L,2.0,A,41.0,75,2.41
107,V,2.0,L,42.0,76,2.42
108,S,2.0,S,43.0,77,2.43
109,A,2.0,A,44.0,78,2.44
110,I,2.0,F,45.0,79,2.45
111,V,2.0,V,46.0,80,2.46
112,V,2.0,C,47.0,81,2.47
113,S,2.0,A,48.0,82,2.48
114,I,2.0,I,49.0,83,2.49
115,A,2.0,A,50.0,84,2.50
116,G,2.0,F,51.0,85,2.51
117,Y,2.0,G,52.0,86,2.52
118,H,2.0,L,53.0,87,2.53
119,Y,2.0,Y,54.0,88,2.54
120,F,2.0,L,55.0,89,2.55
121,R,2.0,A,56.0,90,2.56
122,I,2.0,M,57.0,91,2.57
123,F,2.0,A,58.0,92,2.58
124,N,2.0,L,59.0,93,2.59
125,S,,,,94,
126,W,,,,95,
127,D,,,,96,
128,A,,,,97,
129,A,,,,98,
130,Y,,,,99,
131,V,,,,100,
132,L,,,,101,
133,E,,,,102,
134,N,,,,103,
135,-,,,,-,
136,-,,,,-,
137,-,,,,-,
138,-,,,,-,
139,-,,,,-,
140,-,,,,-,
141,-,,,,-,
142,G,,,,104,
143,V,,,,105,
144,Y,,,,106,
145,S,,,,107,
146,L,,,,108,
147,T,,,,109,
148,-,,,,-,
149,-,,,,-,
150,-,,,,-,
151,-,,,,-,
152,S,,,,110,
153,E,,,,111,
154,K,,,,112,
155,F,,,,113,
156,N,,,,114,
157,D,,,,115,
158,A,3.0,W,39.0,116,3.39
159,Y,3.0,Y,40.0,117,3.40
160,R,3.0,R,41.0,118,3.41
161,Y,3.0,Y,42.0,119,3.42
162,V,3.0,V,43.0,120,3.43
163,D,3.0,D,44.0,121,3.44
164,W,3.0,W,45.0,122,3.45
165,L,3.0,L,46.0,123,3.46
166,L,3.0,C,47.0,124,3.47
167,T,3.0,T,48.0,125,3.48
168,V,3.0,T,49.0,126,3.49
169,P,3.0,P,50.0,127,3.50
170,L,3.0,L,51.0,128,3.51
171,L,3.0,L,52.0,129,3.52
172,L,3.0,L,53.0,130,3.53
173,V,3.0,L,54.0,131,3.54
174,E,3.0,D,55.0,132,3.55
175,T,3.0,L,56.0,133,3.56
176,V,3.0,A,57.0,134,3.57
177,A,3.0,F,58.0,135,3.58
178,V,3.0,L,59.0,136,3.59
179,L,3.0,V,60.0,137,3.60
180,T,,,,138,
181,L,,,,139,
182,P,,,,140,
183,A,,,,141,
184,-,,,,-,
185,-,,,,-,
186,-,,,,-,
187,K,,,,142,
188,E,,,,143,
189,A,,,,144,
190,R,4.0,L,37.0,145,4.37
191,P,4.0,P,38.0,146,4.38
192,L,4.0,L,39.0,147,4.39
193,L,4.0,I,40.0,148,4.40
194,I,4.0,G,41.0,149,4.41
195,K,4.0,A,42.0,150,4.42
196,L,4.0,L,43.0,151,4.43
197,T,4.0,L,44.0,152,4.44
198,V,4.0,G,45.0,153,4.45
199,A,4.0,A,46.0,154,4.46
200,S,4.0,D,47.0,155,4.47
201,V,4.0,A,48.0,156,4.48
202,L,4.0,I,49.0,157,4.49
203,M,4.0,M,50.0,158,4.50
204,I,4.0,I,51.0,159,4.51
205,A,4.0,A,52.0,160,4.52
206,T,4.0,T,53.0,161,4.53
207,G,4.0,G,54.0,162,4.54
208,Y,4.0,Y,55.0,163,4.55
209,P,4.0,V,56.0,164,4.56
210,G,4.0,G,57.0,165,4.57
211,E,4.0,A,58.0,166,4.58
212,I,,,,167,
213,S,,,,168,
214,D,,,,169,
215,D,,,,170,
216,I,,,,171,
217,-,,,,-,
218,-,,,,-,
219,-,,,,-,
220,-,,,,-,
221,-,,,,-,
222,-,,,,-,
223,T,,,,172,
224,T,5.0,A,35.0,173,5.35
225,R,5.0,R,36.0,174,5.36
226,I,5.0,F,37.0,175,5.37
227,I,5.0,I,38.0,176,5.38
228,W,5.0,W,39.0,177,5.39
229,G,5.0,G,40.0,178,5.40
230,T,5.0,A,41.0,179,5.41
231,V,5.0,I,42.0,180,5.42
232,S,5.0,S,43.0,181,5.43
233,T,5.0,T,44.0,182,5.44
234,I,5.0,A,45.0,183,5.45
235,P,5.0,A,46.0,184,5.46
236,F,5.0,F,47.0,185,5.47
237,A,5.0,L,48.0,186,5.48
238,Y,5.0,Y,49.0,187,5.49
239,I,5.0,I,50.0,188,5.50
240,L,5.0,L,51.0,189,5.51
241,Y,5.0,Y,52.0,190,5.52
242,V,5.0,V,53.0,191,5.53
243,L,5.0,L,54.0,192,5.54
244,W,5.0,A,55.0,193,5.55
245,V,5.0,F,56.0,194,5.56
246,E,5.0,E,57.0,195,5.57
247,-,,,,-,
248,-,,,,-,
249,L,5.0,F,60.0,196,5.60
250,S,5.0,N,61.0,197,5.61
251,R,5.0,E,62.0,198,5.62
252,S,5.0,A,63.0,199,5.63
253,L,5.0,A,64.0,200,5.64
254,-,,,,-,
255,-,,,,-,
256,V,5.0,E,67.0,201,5.67
257,R,,,,202,
258,Q,,,,203,
259,P,,,,204,
260,A,6.0,P,33.0,205,6.33
261,A,6.0,A,34.0,206,6.34
262,V,6.0,V,35.0,207,6.35
263,Q,6.0,Q,36.0,208,6.36
264,T,6.0,K,37.0,209,6.37
265,L,6.0,A,38.0,210,6.38
266,V,6.0,F,39.0,211,6.39
267,R,6.0,R,40.0,212,6.40
268,N,6.0,N,41.0,213,6.41
269,M,6.0,L,42.0,214,6.42
270,R,6.0,R,43.0,215,6.43
271,W,6.0,I,44.0,216,6.44
272,L,6.0,L,45.0,217,6.45
273,L,6.0,F,46.0,218,6.46
274,L,6.0,L,47.0,219,6.47
275,L,6.0,V,48.0,220,6.48
276,S,6.0,L,49.0,221,6.49
277,W,6.0,W,50.0,222,6.50
278,G,6.0,F,51.0,223,6.51
279,V,6.0,L,52.0,224,6.52
280,Y,6.0,Y,53.0,225,6.53
281,P,6.0,P,54.0,226,6.54
282,I,6.0,I,55.0,227,6.55
283,A,6.0,A,56.0,228,6.56
284,Y,6.0,W,57.0,229,6.57
285,L,6.0,L,58.0,230,6.58
286,L,6.0,L,59.0,231,6.59
287,P,,,,232,
288,M,,,,233,
289,-,,,,-,
290,-,,,,-,
291,-,,,,-,
292,-,,,,-,
293,L,,,,234,
294,G,,,,235,
295,V,,,,236,
296,-,,,,-,
297,S,,,,237,
298,G,,,,238,
299,T,,,,239,
300,S,,,,240,
301,A,,,,241,
302,A,,,,242,
303,V,,,,243,
304,G,7.0,A,37.0,244,7.37
305,V,7.0,E,38.0,245,7.38
306,Q,7.0,Q,39.0,246,7.39
307,V,7.0,L,40.0,247,7.40
308,G,7.0,F,41.0,248,7.41
309,Y,7.0,Y,42.0,249,7.42
310,T,7.0,T,43.0,250,7.43
311,I,7.0,I,44.0,251,7.44
312,A,7.0,A,45.0,252,7.45
313,D,7.0,D,46.0,253,7.46
314,V,7.0,V,47.0,254,7.47
315,L,7.0,A,48.0,255,7.48
316,A,7.0,A,49.0,256,7.49
317,K,7.0,K,50.0,257,7.50
318,P,7.0,V,51.0,258,7.51
319,V,7.0,G,52.0,259,7.52
320,F,7.0,F,53.0,260,7.53
321,G,7.0,G,54.0,261,7.54
322,L,7.0,L,55.0,262,7.55
323,L,7.0,L,56.0,263,7.56
324,V,7.0,L,57.0,264,7.57
325,F,7.0,L,58.0,265,7.58
326,A,7.0,N,59.0,266,7.59
327,I,7.0,I,60.0,267,7.60
328,A,7.0,A,61.0,268,7.61
329,L,7.0,A,62.0,269,7.62
330,V,7.0,T,63.0,270,7.63
331,K,,,,271,
332,T,,,,272,
333,K,,,,273,
334,A,,,,274,
335,D,,,,275,
336,Q,,,,-,
337,E,,,,-,
338,S,,,,-,
339,-,,,,-,
340,-,,,,-,
341,-,,,,-,
342,-,,,,-,
343,-,,,,-,
344,-,,,,-,
345,-,,,,-,
346,-,,,,-,
347,-,,,,-,
348,-,,,,-,
349,-,,,,-,
350,-,,,,-,
351,-,,,,-,
352,-,,,,-,
353,-,,,,-,
354,-,,,,-,
355,-,,,,-,
356,-,,,,-,
357,-,,,,-,
358,-,,,,-,
359,-,,,,-,
360,-,,,,-,
361,-,,,,-,
362,-,,,,-,
363,-,,,,-,
364,-,,,,-,
365,-,,,,-,
366,-,,,,-,
367,-,,,,-,
368,-,,,,-,
369,-,,,,-,
370,-,,,,-,
371,-,,,,-,
372,-,,,,-,
373,-,,,,-,
374,-,,,,-,
375,-,,,,-,
376,-,,,,-,
377,-,,,,-,
378,-,,,,-,
379,-,,,,-,
380,-,,,,-,
381,-,,,,-,
382,-,,,,-,
383,-,,,,-,
384,-,,,,-,
385,-,,,,-,
386,S,,,,-,
387,E,,,,-,
388,P,,,,-,
389,-,,,,-,
390,-,,,,-,
391,-,,,,-,
392,-,,,,-,
393,-,,,,-,
394,H,,,,-,
395,A,,,,-,
396,A,,,,-,
397,I,,,,-,
398,G,,,,-,
399,A,,,,-,
400,A,,,,-,
401,A,,,,-,
402,N,,,,-,
403,K,,,,-,
404,S,,,,-,
405,G,,,,-,
406,G,,,,-,
407,S,,,,-,
408,L,,,,-,
409,I,,,,-,
410,S,,,,-,
411,-,,,,-,
412,-,,,,-,
413,-,,,,-,
