,KR2 (6TK6),helix_number,most_frequent_amino_acid,location_id,res_id,NS_number
51,A,,,,8,
52,N,,,,9,
53,F,,,,10,
54,E,,,,11,
55,N,,,,12,
56,F,,,,13,
57,I,,,,14,
58,G,,,,15,
59,A,,,,16,
60,T,,,,17,
61,E,,,,18,
62,G,,,,19,
63,F,,,,20,
64,S,,,,21,
65,E,,,,22,
66,I,,,,23,
67,A,,,,24,
68,Y,,,,25,
69,Q,,,,26,
70,F,,,,27,
71,T,1.0,-,39.0,28,1.39
72,S,1.0,Q,40.0,29,1.40
73,H,1.0,A,41.0,30,1.41
74,I,1.0,W,42.0,31,1.42
75,L,1.0,L,43.0,32,1.43
76,T,1.0,A,44.0,33,1.44
77,L,1.0,L,45.0,34,1.45
78,G,1.0,G,46.0,35,1.46
79,Y,1.0,I,47.0,36,1.47
80,A,1.0,A,48.0,37,1.48
81,V,1.0,A,49.0,38,1.49
82,M,1.0,M,50.0,39,1.50
83,L,1.0,A,51.0,40,1.51
84,A,1.0,A,52.0,41,1.52
85,G,1.0,G,53.0,42,1.53
86,L,1.0,A,54.0,43,1.54
87,L,1.0,L,55.0,44,1.55
88,Y,1.0,F,56.0,45,1.56
89,F,1.0,F,57.0,46,1.57
90,I,1.0,F,58.0,47,1.58
91,L,1.0,F,59.0,48,1.59
92,T,1.0,A,60.0,49,1.60
93,I,,,,50,
94,K,,,,51,
95,N,,,,52,
96,V,,,,53,
97,D,,,,54,
98,-,,,,-,
99,K,,,,55,
100,K,2.0,R,35.0,56,2.35
101,F,2.0,A,36.0,57,2.36
102,Q,2.0,Q,37.0,58,2.37
103,M,2.0,I,38.0,59,2.38
104,S,2.0,A,39.0,60,2.39
105,N,2.0,Y,40.0,61,2.40
106,I,2.0,A,41.0,62,2.41
107,L,2.0,L,42.0,63,2.42
108,S,2.0,S,43.0,64,2.43
109,A,2.0,A,44.0,65,2.44
110,V,2.0,F,45.0,66,2.45
111,V,2.0,V,46.0,67,2.46
112,M,2.0,C,47.0,68,2.47
113,V,2.0,A,48.0,69,2.48
114,S,2.0,I,49.0,70,2.49
115,A,2.0,A,50.0,71,2.50
116,F,2.0,F,51.0,72,2.51
117,L,2.0,G,52.0,73,2.52
118,L,2.0,L,53.0,74,2.53
119,L,2.0,Y,54.0,75,2.54
120,Y,2.0,L,55.0,76,2.55
121,A,2.0,A,56.0,77,2.56
122,Q,2.0,M,57.0,78,2.57
123,A,2.0,A,58.0,79,2.58
124,Q,2.0,L,59.0,80,2.59
125,N,,,,81,
126,W,,,,82,
127,T,,,,83,
128,S,,,,84,
129,S,,,,85,
130,F,,,,86,
131,T,,,,87,
132,F,,,,88,
133,N,,,,89,
134,E,,,,90,
135,-,,,,-,
136,-,,,,-,
137,-,,,,-,
138,-,,,,-,
139,-,,,,-,
140,E,,,,91,
141,V,,,,92,
142,G,,,,93,
143,R,,,,94,
144,Y,,,,95,
145,F,,,,96,
146,L,,,,97,
147,D,,,,98,
148,-,,,,-,
149,-,,,,-,
150,P,,,,99,
151,S,,,,100,
152,G,,,,101,
153,D,,,,102,
154,L,,,,103,
155,F,,,,104,
156,N,,,,105,
157,N,,,,106,
158,G,3.0,W,39.0,107,3.39
159,Y,3.0,Y,40.0,108,3.40
160,R,3.0,R,41.0,109,3.41
161,Y,3.0,Y,42.0,110,3.42
162,L,3.0,V,43.0,111,3.43
163,N,3.0,D,44.0,112,3.44
164,W,3.0,W,45.0,113,3.45
165,L,3.0,L,46.0,114,3.46
166,I,3.0,C,47.0,115,3.47
167,D,3.0,T,48.0,116,3.48
168,V,3.0,T,49.0,117,3.49
169,P,3.0,P,50.0,118,3.50
170,M,3.0,L,51.0,119,3.51
171,L,3.0,L,52.0,120,3.52
172,L,3.0,L,53.0,121,3.53
173,F,3.0,L,54.0,122,3.54
174,Q,3.0,D,55.0,123,3.55
175,I,3.0,L,56.0,124,3.56
176,L,3.0,A,57.0,125,3.57
177,F,3.0,F,58.0,126,3.58
178,V,3.0,L,59.0,127,3.59
179,V,3.0,V,60.0,128,3.60
180,S,,,,129,
181,L,,,,130,
182,T,,,,131,
183,T,,,,132,
184,-,,,,-,
185,-,,,,-,
186,-,,,,-,
187,S,,,,133,
188,K,,,,134,
189,F,,,,135,
190,S,4.0,L,37.0,136,4.37
191,S,4.0,P,38.0,137,4.38
192,V,4.0,L,39.0,138,4.39
193,R,4.0,I,40.0,139,4.40
194,N,4.0,G,41.0,140,4.41
195,Q,4.0,A,42.0,141,4.42
196,F,4.0,L,43.0,142,4.43
197,W,4.0,L,44.0,143,4.44
198,F,4.0,G,45.0,144,4.45
199,S,4.0,A,46.0,145,4.46
200,G,4.0,D,47.0,146,4.47
201,A,4.0,A,48.0,147,4.48
202,M,4.0,I,49.0,148,4.49
203,M,4.0,M,50.0,149,4.50
204,I,4.0,I,51.0,150,4.51
205,I,4.0,A,52.0,151,4.52
206,T,4.0,T,53.0,152,4.53
207,G,4.0,G,54.0,153,4.54
208,Y,4.0,Y,55.0,154,4.55
209,I,4.0,V,56.0,155,4.56
210,G,4.0,G,57.0,156,4.57
211,Q,4.0,A,58.0,157,4.58
212,F,,,,158,
213,Y,,,,159,
214,E,,,,160,
215,-,,,,-,
216,-,,,,-,
217,-,,,,-,
218,-,,,,-,
219,V,,,,161,
220,S,,,,162,
221,N,,,,163,
222,L,,,,164,
223,T,,,,165,
224,A,5.0,A,35.0,166,5.35
225,F,5.0,R,36.0,167,5.36
226,L,5.0,F,37.0,168,5.37
227,V,5.0,I,38.0,169,5.38
228,W,5.0,W,39.0,170,5.39
229,G,5.0,G,40.0,171,5.40
230,A,5.0,A,41.0,172,5.41
231,I,5.0,I,42.0,173,5.42
232,S,5.0,S,43.0,174,5.43
233,S,5.0,T,44.0,175,5.44
234,A,5.0,A,45.0,176,5.45
235,F,5.0,A,46.0,177,5.46
236,F,5.0,F,47.0,178,5.47
237,F,5.0,L,48.0,179,5.48
238,H,5.0,Y,49.0,180,5.49
239,I,5.0,I,50.0,181,5.50
240,L,5.0,L,51.0,182,5.51
241,W,5.0,Y,52.0,183,5.52
242,V,5.0,V,53.0,184,5.53
243,M,5.0,L,54.0,185,5.54
244,K,5.0,A,55.0,186,5.55
245,K,5.0,F,56.0,187,5.56
246,V,5.0,E,57.0,188,5.57
247,-,,,,-,
248,-,,,,-,
249,I,5.0,F,60.0,189,5.60
250,N,5.0,N,61.0,190,5.61
251,E,5.0,E,62.0,191,5.62
252,G,5.0,A,63.0,192,5.63
253,K,5.0,A,64.0,193,5.64
254,-,,,,-,
255,-,,,,-,
256,E,5.0,E,67.0,194,5.67
257,G,,,,195,
258,I,,,,196,
259,S,,,,197,
260,P,6.0,P,33.0,198,6.33
261,A,6.0,A,34.0,199,6.34
262,G,6.0,V,35.0,200,6.35
263,Q,6.0,Q,36.0,201,6.36
264,K,6.0,K,37.0,202,6.37
265,I,6.0,A,38.0,203,6.38
266,L,6.0,F,39.0,204,6.39
267,S,6.0,R,40.0,205,6.40
268,N,6.0,N,41.0,206,6.41
269,I,6.0,L,42.0,207,6.42
270,W,6.0,R,43.0,208,6.43
271,I,6.0,I,44.0,209,6.44
272,L,6.0,L,45.0,210,6.45
273,F,6.0,F,46.0,211,6.46
274,L,6.0,L,47.0,212,6.47
275,I,6.0,V,48.0,213,6.48
276,S,6.0,L,49.0,214,6.49
277,W,6.0,W,50.0,215,6.50
278,F,6.0,F,51.0,216,6.51
279,L,6.0,L,52.0,217,6.52
280,Y,6.0,Y,53.0,218,6.53
281,P,6.0,P,54.0,219,6.54
282,G,6.0,I,55.0,220,6.55
283,A,6.0,A,56.0,221,6.56
284,Y,6.0,W,57.0,222,6.57
285,L,6.0,L,58.0,223,6.58
286,M,6.0,L,59.0,224,6.59
287,P,,,,225,
288,Y,,,,226,
289,L,,,,227,
290,T,,,,228,
291,G,,,,229,
292,V,,,,230,
293,D,,,,231,
294,G,,,,232,
295,F,,,,233,
296,L,,,,234,
297,Y,,,,235,
298,S,,,,236,
299,E,,,,237,
300,D,,,,238,
301,G,,,,239,
302,V,,,,240,
303,M,,,,241,
304,A,7.0,A,37.0,242,7.37
305,R,7.0,E,38.0,243,7.38
306,Q,7.0,Q,39.0,244,7.39
307,L,7.0,L,40.0,245,7.40
308,V,7.0,F,41.0,246,7.41
309,Y,7.0,Y,42.0,247,7.42
310,T,7.0,T,43.0,248,7.43
311,I,7.0,I,44.0,249,7.44
312,A,7.0,A,45.0,250,7.45
313,D,7.0,D,46.0,251,7.46
314,V,7.0,V,47.0,252,7.47
315,C,7.0,A,48.0,253,7.48
316,S,7.0,A,49.0,254,7.49
317,K,7.0,K,50.0,255,7.50
318,V,7.0,V,51.0,256,7.51
319,I,7.0,G,52.0,257,7.52
320,Y,7.0,F,53.0,258,7.53
321,G,7.0,G,54.0,259,7.54
322,V,7.0,L,55.0,260,7.55
323,L,7.0,L,56.0,261,7.56
324,L,7.0,L,57.0,262,7.57
325,G,7.0,L,58.0,263,7.58
326,N,7.0,N,59.0,264,7.59
327,L,7.0,I,60.0,265,7.60
328,A,7.0,A,61.0,266,7.61
329,I,7.0,A,62.0,267,7.62
330,T,7.0,T,63.0,268,7.63
331,L,,,,269,
332,S,,,,270,
333,K,,,,271,
334,N,,,,-,
335,K,,,,-,
336,E,,,,-,
337,L,,,,-,
338,V,,,,-,
339,-,,,,-,
340,-,,,,-,
341,-,,,,-,
342,-,,,,-,
343,-,,,,-,
344,-,,,,-,
345,-,,,,-,
346,-,,,,-,
347,-,,,,-,
348,-,,,,-,
349,-,,,,-,
350,-,,,,-,
351,-,,,,-,
352,-,,,,-,
353,-,,,,-,
354,-,,,,-,
355,-,,,,-,
356,-,,,,-,
357,-,,,,-,
358,-,,,,-,
359,-,,,,-,
360,-,,,,-,
361,-,,,,-,
362,-,,,,-,
363,-,,,,-,
364,-,,,,-,
365,-,,,,-,
366,-,,,,-,
367,-,,,,-,
368,-,,,,-,
369,-,,,,-,
370,-,,,,-,
371,-,,,,-,
372,-,,,,-,
373,-,,,,-,
374,-,,,,-,
375,-,,,,-,
376,-,,,,-,
377,-,,,,-,
378,-,,,,-,
379,-,,,,-,
380,-,,,,-,
381,-,,,,-,
382,-,,,,-,
383,-,,,,-,
384,-,,,,-,
385,-,,,,-,
386,E,,,,-,
387,A,,,,-,
388,N,,,,-,
389,-,,,,-,
390,-,,,,-,
391,-,,,,-,
392,-,,,,-,
393,-,,,,-,
394,S,,,,-,
395,-,,,,-,
396,-,,,,-,
397,-,,,,-,
398,-,,,,-,
399,-,,,,-,
400,-,,,,-,
401,-,,,,-,
402,-,,,,-,
403,-,,,,-,
404,-,,,,-,
405,-,,,,-,
406,-,,,,-,
407,-,,,,-,
408,-,,,,-,
409,-,,,,-,
410,-,,,,-,
411,-,,,,-,
412,-,,,,-,
413,-,,,,-,
